item_id,order_id,quantity
7,688,2
9,247,2
8,806,1
12,300,4
13,621,1
15,109,1
5,522,3
16,735,3
3,741,3
12,422,1
6,145,1
12,408,4
15,721,2
5,326,4
15,222,4
9,305,3
9,670,2
15,472,1
10,901,3
7,562,4
8,498,4
11,163,3
8,272,5
9,791,1
13,412,5
4,83,2
13,732,3
14,494,3
2,126,2
16,913,3
12,206,4
16,176,2
9,871,4
14,879,3
15,17,2
2,104,1
9,300,1
7,184,5
11,177,3
5,743,2
10,43,5
9,200,1
3,413,3
4,314,5
11,566,1
14,742,3
16,445,2
11,730,4
15,490,3
6,574,3
2,75,1
2,825,4
16,731,5
14,826,2
12,537,1
1,493,3
15,252,2
15,7,3
2,672,4
7,743,2
4,425,1
16,907,2
4,603,2
8,520,5
4,941,3
2,306,4
4,43,3
2,397,3
3,149,3
13,354,1
1,267,2
2,469,3
2,694,5
10,228,1
8,537,4
12,204,5
13,324,2
14,406,4
8,708,4
7,124,5
4,385,5
1,324,2
14,174,5
15,273,2
1,191,3
4,499,1
10,741,3
10,874,3
15,431,4
7,372,2
13,362,3
12,919,1
5,874,4
13,363,5
8,748,1
1,178,3
13,660,1
12,992,2
11,71,3
9,526,2
3,522,3
15,917,2
2,160,4
11,760,3
10,884,3
3,534,3
16,54,1
7,374,1
9,309,2
10,976,1
1,637,2
14,491,4
7,654,3
13,638,3
11,971,1
5,132,3
1,999,4
7,554,1
13,33,3
13,221,3
15,556,4
16,229,1
5,14,3
13,674,1
9,14,2
8,885,2
9,561,2
6,402,4
16,49,3
2,484,3
12,294,2
16,218,3
7,175,5
10,89,3
12,983,5
5,586,3
8,797,5
11,871,2
9,553,2
9,365,5
3,786,3
16,391,3
7,155,4
7,377,2
8,551,5
11,265,4
12,663,1
12,99,3
4,201,4
14,559,2
12,826,5
1,739,3
11,960,1
5,360,3
9,875,1
2,94,4
16,627,4
5,357,1
6,83,2
13,65,3
2,632,2
1,305,2
4,959,1
14,43,4
16,871,4
6,701,1
15,90,1
1,464,5
13,709,2
13,994,3
14,500,4
13,940,5
4,332,2
13,698,5
5,48,4
9,458,2
13,629,2
4,984,5
15,663,3
1,565,5
13,947,5
15,558,5
4,691,3
9,943,5
10,465,1
10,880,5
11,340,5
5,898,3
1,82,4
14,491,5
15,694,5
2,399,3
13,357,4
4,698,2
4,349,2
2,586,4
6,308,2
8,886,4
13,350,1
8,178,3
9,222,1
13,620,2
13,120,2
8,346,4
13,966,3
13,843,3
14,214,2
7,293,2
14,783,3
7,376,1
5,669,3
5,884,1
12,351,4
3,109,2
3,883,5
13,394,4
6,725,5
12,271,3
3,748,4
13,944,1
15,456,1
11,771,4
5,127,3
2,465,1
3,473,2
6,43,1
12,937,1
14,920,3
5,231,5
13,895,5
14,554,4
12,745,1
4,643,1
6,517,4
3,870,2
13,896,4
10,882,5
13,100,4
16,844,1
9,377,1
4,202,1
8,736,3
11,561,1
14,69,5
15,489,4
14,500,4
7,379,4
14,388,1
13,101,1
3,523,3
1,585,5
14,281,4
2,18,3
8,773,3
1,267,2
16,284,4
12,276,2
3,546,5
10,111,1
14,898,3
7,771,3
6,640,3
9,792,5
10,576,5
9,471,1
4,672,2
14,853,2
16,607,2
15,507,2
1,210,5
5,335,4
5,997,5
9,835,1
5,240,3
9,721,5
4,946,2
7,109,5
6,43,4
12,805,1
3,821,1
16,179,2
12,911,4
6,316,4
12,366,5
15,978,1
13,679,3
8,324,4
10,899,1
6,330,1
1,174,2
9,208,5
10,262,3
2,11,1
4,176,2
12,872,2
10,13,5
5,518,2
2,219,4
13,692,2
12,872,4
14,562,3
1,663,1
5,423,4
5,375,3
3,99,5
4,821,2
12,774,1
14,18,1
7,261,1
2,283,3
13,125,3
16,530,4
2,340,1
13,798,4
9,868,2
5,25,2
9,679,3
6,905,5
13,461,3
1,774,3
14,742,2
15,954,5
2,784,2
5,764,5
7,886,3
9,226,2
13,257,3
3,167,3
16,598,4
9,463,1
9,325,4
5,615,3
12,351,5
7,761,4
10,83,3
9,210,1
6,946,4
3,424,3
3,368,5
3,213,5
12,560,2
13,571,1
3,536,2
1,128,3
12,986,1
10,977,2
3,516,3
15,216,2
11,869,3
14,668,4
14,203,5
14,353,5
4,945,4
7,146,1
15,753,4
9,685,3
13,112,1
9,53,4
2,642,4
15,416,4
9,892,1
11,889,1
16,311,1
11,982,3
15,424,3
2,79,1
11,626,2
1,604,1
12,595,4
14,152,2
2,535,1
13,555,3
1,501,3
15,234,1
11,824,4
11,845,1
8,566,5
4,186,2
11,229,1
14,432,2
13,337,1
12,24,3
3,117,4
1,72,5
15,169,2
6,306,5
14,224,4
3,476,5
2,735,2
1,251,1
15,474,3
9,620,1
1,264,3
5,776,2
16,244,2
8,954,3
12,76,4
6,199,2
2,612,3
2,517,3
14,620,3
11,420,3
3,700,3
4,69,5
16,205,5
3,954,5
12,107,4
12,882,4
9,417,3
12,619,2
1,964,1
15,812,1
4,72,3
6,825,5
10,691,3
15,859,2
13,117,3
16,198,5
16,269,2
6,671,3
1,643,5
4,486,5
13,87,2
16,918,2
6,754,3
4,896,2
11,746,1
12,741,3
11,307,4
13,116,4
3,669,3
3,888,5
8,747,1
12,187,3
13,680,2
4,1,1
1,625,4
8,643,1
15,61,5
8,26,2
16,946,3
9,494,2
5,215,2
8,916,4
2,45,3
9,570,1
4,272,4
16,304,5
16,39,4
11,422,1
15,963,5
9,479,4
11,755,1
9,277,1
14,974,1
1,601,3
9,502,1
5,912,4
12,817,1
9,372,4
16,733,2
13,852,2
8,696,2
15,512,1
16,429,5
11,403,2
2,791,1
11,95,1
4,357,1
3,587,4
9,716,3
10,734,3
2,591,5
16,642,4
15,78,1
2,657,2
10,206,5
15,546,3
14,376,1
13,77,2
6,655,4
9,364,4
6,197,2
6,252,5
15,686,5
4,941,4
13,746,3
5,164,4
9,401,2
10,461,2
5,63,5
14,487,4
13,93,2
16,549,3
13,930,1
12,96,2
8,606,2
6,850,4
4,642,4
4,945,3
14,19,1
12,603,1
9,469,4
12,788,2
16,705,4
2,922,4
1,543,1
2,526,4
13,746,3
7,618,1
15,957,5
4,772,4
7,279,5
3,760,3
10,886,4
12,603,4
2,921,3
2,361,3
7,501,5
3,5,3
3,937,3
2,640,2
1,437,4
9,387,4
13,480,2
13,780,5
11,477,5
5,508,5
12,486,4
12,316,1
7,968,1
13,275,1
12,739,4
2,646,3
2,312,5
1,298,3
4,681,5
15,934,2
5,488,4
3,580,4
13,117,4
1,887,2
4,591,4
7,585,5
9,606,1
6,837,2
13,188,2
12,536,2
11,254,4
1,256,3
15,727,2
10,392,2
13,364,5
7,547,1
15,784,2
2,402,4
7,608,2
11,849,5
11,319,3
15,730,1
16,633,1
6,901,1
3,769,4
4,469,4
5,466,3
11,521,5
10,448,4
8,255,5
6,708,4
12,206,4
2,176,2
11,908,1
8,450,2
13,375,4
13,314,4
7,830,4
7,351,5
6,83,4
3,666,3
15,818,4
7,147,4
3,536,4
3,223,3
10,35,5
14,886,5
8,248,1
12,443,2
11,715,1
8,820,2
15,995,3
13,221,3
15,494,5
10,902,4
6,124,5
15,241,5
2,506,3
7,381,1
10,210,4
2,651,1
13,865,4
16,573,5
5,70,4
5,269,1
1,441,1
8,315,1
9,197,1
13,347,3
2,582,5
12,723,4
15,342,3
5,279,3
9,310,2
14,420,1
12,600,1
13,214,4
8,204,2
12,398,4
3,429,5
11,808,4
8,306,2
9,935,4
11,453,5
8,722,5
12,871,2
8,662,1
4,38,2
2,841,1
14,934,5
10,165,1
8,218,5
2,986,2
15,188,4
6,338,5
12,405,3
15,717,5
12,144,2
13,448,3
9,359,1
16,888,5
10,119,5
7,476,1
1,694,5
4,393,1
13,623,2
9,943,5
14,318,3
5,128,1
8,247,5
8,169,5
15,842,3
8,144,2
6,971,2
2,339,3
11,372,2
5,907,1
6,673,5
15,173,3
14,701,1
15,289,1
12,72,1
13,57,3
5,157,2
12,327,3
10,780,2
13,942,5
9,544,3
7,441,4
1,90,1
7,778,4
2,825,3
2,263,2
9,714,3
2,711,3
4,982,2
9,593,3
3,120,3
4,953,3
5,633,3
5,218,4
3,300,3
7,395,2
10,833,1
10,545,5
11,411,5
8,457,1
7,405,4
13,868,3
8,349,4
6,225,1
15,181,1
9,364,4
15,429,5
1,711,5
14,279,5
14,857,3
13,49,5
13,746,4
8,952,1
7,790,2
8,318,1
2,736,4
11,801,1
11,418,3
16,22,2
11,964,2
8,33,2
14,499,3
9,717,5
6,193,3
15,165,3
6,4,2
14,495,3
14,496,3
16,451,1
4,942,4
11,296,4
15,826,1
10,458,5
16,732,3
3,976,1
2,237,5
16,880,1
9,664,4
4,875,4
12,958,2
3,573,5
13,956,2
6,239,3
13,999,4
8,579,4
14,331,4
10,873,5
15,723,2
9,72,5
2,474,5
5,879,1
16,642,2
10,864,2
9,138,3
3,195,4
15,285,3
6,518,4
6,198,2
2,727,5
10,894,4
15,788,5
7,348,4
7,649,5
7,823,2
1,574,2
10,976,2
13,120,2
14,441,2
3,787,3
16,424,4
13,80,2
11,994,1
5,490,3
8,358,4
6,248,3
7,249,3
11,83,1
14,620,5
16,677,4
14,819,4
9,857,5
1,825,2
6,872,2
11,981,4
1,913,2
10,968,2
3,945,3
8,905,3
10,812,2
6,942,5
8,144,4
15,547,2
7,149,1
11,655,5
1,685,3
12,649,5
3,797,2
14,632,2
4,369,1
5,554,4
15,110,2
11,13,5
3,208,3
5,300,3
13,390,3
8,258,3
14,777,5
11,599,5
13,100,3
14,252,2
16,947,4
2,123,2
3,208,2
2,41,3
12,489,1
7,397,4
2,528,2
14,160,2
5,918,5
12,180,2
12,156,2
4,875,5
14,640,5
8,886,5
12,311,1
2,724,2
10,82,1
14,815,1
3,586,1
6,876,5
14,251,4
13,304,2
13,986,2
11,365,1
6,717,4
14,669,3
1,865,1
6,639,5
1,913,1
4,750,2
4,17,5
7,49,3
1,489,1
16,474,2
13,407,5
6,418,5
12,1000,5
14,827,4
11,917,4
3,795,1
12,748,1
6,975,3
12,718,1
2,67,4
7,805,4
9,22,3
9,698,3
9,328,5
13,495,2
4,757,5
13,451,5
3,846,3
12,813,3
6,772,5
2,836,5
4,714,5
5,139,1
8,309,4
6,357,3
16,700,2
8,3,4
6,183,5
10,752,1
6,146,5
7,713,2
4,373,4
16,823,5
12,537,5
2,499,4
6,933,2
10,236,2
12,358,1
6,467,2
7,474,1
11,402,4
7,636,3
6,894,1
11,656,1
6,295,5
4,742,4
11,443,2
14,344,1
11,118,2
13,890,3
10,591,4
4,597,5
16,409,4
4,686,1
13,254,1
1,810,3
9,880,1
2,549,2
5,746,2
7,908,4
14,367,2
3,687,5
4,638,2
15,298,4
7,243,2
4,725,2
5,818,3
1,828,4
9,257,3
13,24,1
10,339,5
11,740,1
14,104,4
15,859,4
10,86,1
10,347,5
11,42,2
10,759,1
10,505,4
9,948,4
2,240,4
16,294,5
10,631,5
15,637,3
5,635,2
5,492,2
13,952,4
15,834,5
12,444,2
14,549,4
1,487,5
9,191,1
12,751,3
16,336,4
5,447,1
3,145,4
6,587,2
2,345,1
9,662,2
3,567,1
11,342,1
8,398,5
15,230,5
7,193,1
6,870,2
10,914,2
4,646,1
8,73,5
12,408,3
12,232,2
1,206,1
12,112,4
9,45,2
3,893,1
9,488,1
13,602,2
15,793,1
7,280,2
2,189,2
8,382,2
6,220,4
11,669,4
2,753,2
3,552,5
10,190,2
12,995,1
4,256,5
6,786,2
1,474,2
13,443,2
8,967,4
12,252,5
1,543,3
15,308,1
9,574,3
1,430,5
6,328,3
12,602,2
8,77,4
2,584,3
1,333,4
4,904,3
12,617,5
15,398,1
10,932,3
10,932,3
14,931,2
12,192,5
2,430,4
15,672,1
4,699,1
4,661,2
4,510,2
6,37,1
9,386,2
2,93,4
12,48,2
16,466,1
1,898,5
16,871,3
16,17,5
13,354,2
13,379,5
1,178,5
12,203,1
3,839,1
11,190,4
10,655,5
14,477,2
13,412,4
7,927,5
2,108,5
5,208,4
4,734,2
3,267,3
7,256,5
4,979,4
10,249,3
4,801,5
1,289,2
3,264,5
11,347,2
13,930,1
14,914,1
9,116,3
15,726,5
8,808,4
6,723,2
14,788,2
8,820,3
10,367,3
6,188,5
14,848,1
2,256,3
11,20,2
8,736,4
15,16,3
10,280,3
13,660,2
11,890,3
15,329,1
3,411,5
3,810,5
2,441,3
1,937,5
13,277,2
6,768,1
13,99,2
2,486,5
8,392,3
1,830,3
9,402,3
5,78,5
2,475,2
14,467,1
15,832,2
11,168,4
4,552,5
6,730,2
1,595,5
5,234,1
12,38,4
9,507,4
16,870,1
4,411,3
15,680,2
13,672,3
2,22,5
15,469,2
9,122,5
9,945,4
16,600,4
1,510,4
4,438,5
13,446,2
1,422,1
11,887,1
6,724,3
10,894,5
13,411,2
4,444,5
2,764,1
6,876,1
2,54,3
1,631,4
6,72,1
5,502,5
7,685,2
16,635,3
6,204,2
9,711,2
8,842,5
3,55,2
12,611,3
11,379,3
12,619,4
2,976,3
7,578,5
5,371,3
6,628,2
1,35,5
1,906,3
7,405,2
15,705,4
14,51,4
13,996,2
8,585,1
5,780,5
6,832,3
16,265,1
12,943,1
9,731,2
14,315,4
2,538,1
16,430,1
11,326,5
7,812,3
5,766,1
10,689,1
9,282,2
1,970,5
12,513,1
7,195,5
6,788,2
2,11,4
1,624,4
13,555,4
12,881,1
14,514,1
8,452,2
13,686,5
5,179,5
9,516,2
6,725,2
15,197,4
10,167,5
8,475,2
9,121,4
10,481,1
1,501,4
13,571,3
4,83,1
10,71,4
12,274,5
15,528,2
14,736,5
15,418,4
3,540,5
6,37,1
15,85,1
11,575,2
11,425,5
10,75,3
1,1,1
5,196,4
1,1,4
5,795,3
4,792,3
1,941,5
12,412,1
5,853,4
1,707,5
10,50,3
15,892,3
14,642,3
9,503,1
8,25,3
14,111,1
8,401,5
1,241,3
15,802,1
9,953,2
4,804,4
7,35,3
3,244,5
8,599,3
3,890,4
7,888,4
6,460,1
14,649,4
13,633,1
7,411,1
7,382,1
9,583,5
14,288,4
4,958,3
5,454,2
8,925,1
3,654,4
14,215,5
1,116,4
9,249,1
3,535,5
13,789,3
14,303,4
1,564,4
16,199,2
15,614,5
3,301,4
1,962,3
6,20,3
1,59,3
6,480,3
12,840,2
13,572,4
15,354,5
12,26,5
16,356,4
13,133,4
7,296,1
6,398,2
15,99,1
3,929,5
4,649,3
14,249,1
9,499,1
13,488,3
9,335,1
16,426,1
5,244,3
1,763,4
7,206,2
6,193,2
15,236,1
5,194,5
13,19,5
8,589,3
14,887,1
11,197,4
12,65,3
9,367,5
14,726,3
6,922,1
1,520,4
16,826,4
14,539,3
13,898,4
8,194,1
7,221,5
13,907,1
9,947,5
15,644,2
7,181,3
3,793,2
8,361,2
5,854,3
10,50,3
15,818,5
15,970,4
5,513,3
2,90,4
14,875,1
5,4,4
14,582,4
8,131,5
9,877,5
7,21,3
1,870,2
15,132,1
9,21,3
10,773,1
2,336,1
13,736,4
15,836,5
5,618,1
7,523,5
11,195,3
7,689,2
14,228,3
5,393,5
7,887,4
1,929,3
9,472,4
10,655,5
16,71,4
7,554,4
14,814,2
14,527,5
2,502,3
13,507,3
12,153,4
12,814,1
6,174,2
8,116,1
14,398,3
6,793,3
9,466,5
1,57,5
6,739,2
14,93,5
15,887,1
14,105,2
3,214,3
10,124,2
9,757,2
4,797,2
1,656,5
6,328,3
7,879,3
7,996,1
14,560,4
8,473,1
4,483,4
6,58,5
15,837,4
4,504,3
8,664,1
10,626,4
11,882,5
5,974,5
10,650,4
11,712,5
10,165,2
4,210,3
15,211,3
15,11,4
13,281,3
14,999,4
2,861,2
16,599,1
8,721,1
14,370,1
10,884,2
3,860,5
16,639,4
13,327,4
12,68,1
5,757,4
6,888,1
8,228,2
5,219,2
15,62,3
4,492,1
14,797,5
1,681,3
15,945,4
2,685,4
5,193,4
5,849,5
10,611,2
12,42,1
11,724,1
5,619,5
1,278,5
4,860,5
15,611,2
10,156,3
5,28,3
8,699,4
1,382,1
11,363,1
3,135,5
4,799,1
13,493,1
15,339,2
14,551,5
5,176,1
10,207,4
16,4,4
4,798,1
5,282,1
3,698,1
14,625,1
8,877,2
14,728,3
2,418,2
7,483,1
7,164,4
7,206,1
2,987,5
11,713,3
3,731,2
2,842,3
12,221,2
15,113,3
14,370,2
10,470,1
8,244,2
6,825,2
11,616,2
2,632,5
1,342,2
13,55,1
12,778,3
10,122,1
6,199,4
3,676,4
6,298,2
5,342,3
13,87,4
8,836,3
9,4,4
8,599,2
16,39,1
15,815,5
16,525,5
4,346,5
13,505,5
2,39,1
7,658,1
5,593,3
11,406,1
3,44,4
1,448,5
6,64,3
10,194,2
12,995,2
12,473,2
6,444,3
12,142,2
11,104,5
4,978,2
5,493,3
4,674,1
4,418,5
5,717,2
8,59,3
1,425,3
12,35,1
13,614,1
12,849,1
8,252,5
13,583,3
8,383,5
13,532,3
16,152,3
11,121,4
7,902,5
6,41,2
6,439,4
1,214,1
10,873,5
9,604,5
3,263,3
7,82,5
1,624,2
3,273,2
6,283,4
6,249,2
8,375,4
10,872,2
5,258,4
12,34,3
7,49,1
5,176,4
11,490,2
10,995,2
14,292,1
5,666,2
7,681,3
11,617,1
8,91,1
2,136,2
7,225,1
9,657,2
3,346,1
5,52,5
6,879,3
4,378,1
13,798,5
2,6,2
1,595,2
10,872,1
9,143,4
3,745,5
11,917,2
1,820,1
13,445,3
8,804,4
13,131,2
3,839,4
14,474,1
2,28,5
6,945,2
11,360,2
14,147,1
12,743,3
6,499,2
9,923,1
10,837,3
10,377,4
12,367,5
6,586,2
4,753,5
10,942,5
9,128,4
6,486,3
5,345,2
11,749,4
13,691,4
15,638,3
3,669,5
2,102,1
12,474,1
15,597,5
2,935,4
2,357,2
14,115,2
10,639,5
9,22,2
7,459,5
4,660,3
13,771,5
11,931,3
6,57,5
9,846,4
11,575,3
8,727,5
6,771,2
15,854,3
3,113,3
14,292,3
2,180,5
10,487,1
8,868,5
10,64,3
5,605,5
9,190,2
16,629,3
4,531,5
1,594,2
13,790,2
10,912,5
16,935,2
16,673,5
4,802,4
8,53,4
9,547,4
1,108,2
9,628,1
16,643,5
16,99,2
11,699,2
2,54,2
15,632,5
3,212,4
8,283,4
8,540,2
9,698,5
7,966,2
2,154,1
8,294,4
9,310,3
11,323,2
1,652,4
3,612,3
4,640,1
1,611,1
9,221,1
7,764,5
5,263,2
16,567,4
6,708,1
5,382,4
2,839,5
4,689,3
13,860,3
11,344,1
10,823,5
11,984,2
13,852,1
3,866,1
13,398,3
16,706,3
3,29,5
3,208,1
5,21,1
5,579,2
1,2,2
6,291,2
16,847,4
4,736,4
5,879,4
14,434,4
15,750,5
12,435,4
9,489,5
6,275,3
5,312,2
16,512,5
12,400,2
6,563,3
10,766,5
16,454,4
13,1000,5
7,47,1
5,575,2
4,257,1
12,408,3
4,92,1
14,647,2
12,646,4
14,7,3
12,848,1
13,127,1
7,673,2
4,855,1
2,364,2
3,487,3
9,915,1
2,266,1
15,992,4
16,68,2
3,60,1
8,215,2
3,113,2
7,430,1
7,511,3
16,600,3
16,997,3
10,910,3
4,805,3
1,263,5
10,646,1
1,448,1
1,295,5
7,828,3
11,338,2
5,760,1
16,17,3
15,562,3
5,975,2
15,946,4
11,725,1
11,611,3
2,175,2
1,5,2
9,62,2
2,737,3
13,610,5
10,914,3
13,465,2
8,676,1
6,339,5
1,215,1
12,976,1
16,276,3
11,449,3
8,911,5
15,429,4
6,442,4
9,31,2
4,513,5
5,39,2
4,740,4
4,54,3
1,70,5
11,346,5
8,756,1
10,470,1
3,874,3
16,142,5
11,451,2
15,450,3
9,97,5
11,47,2
13,721,2
2,92,2
13,501,4
8,703,4
8,154,4
5,875,2
6,262,2
2,172,5
10,514,4
10,416,5
3,841,5
3,287,3
3,365,1
16,198,5
16,643,3
10,319,3
8,539,5
1,457,4
5,114,4
14,104,5
12,974,2
12,708,4
1,264,2
10,667,4
4,332,5
7,864,4
10,346,4
16,133,3
8,155,1
15,937,3
9,212,3
10,416,2
13,296,4
14,339,5
2,691,4
11,352,3
13,127,2
6,89,5
6,115,5
7,20,1
12,331,4
3,214,5
15,65,1
9,213,2
10,87,4
4,209,2
7,410,4
9,301,5
10,499,1
11,327,1
15,589,5
9,320,4
1,613,4
3,609,5
7,212,1
5,131,1
5,678,3
13,486,2
10,860,5
15,875,5
7,86,1
9,226,3
8,696,2
8,340,1
15,665,3
4,558,1
11,85,4
15,411,3
8,721,4
2,904,5
2,194,5
15,323,3
2,401,4
8,205,1
1,427,3
1,212,2
7,507,1
6,896,1
2,553,3
5,968,1
13,522,4
1,23,4
11,964,1
6,929,3
10,472,5
2,74,3
1,657,3
2,128,1
5,391,2
16,465,4
5,72,2
7,767,3
8,854,4
16,144,1
7,626,5
15,173,5
10,521,1
14,533,1
6,374,1
16,142,1
15,376,5
2,791,5
16,508,4
5,138,3
14,990,5
9,885,2
14,42,2
11,621,1
1,886,4
11,350,3
6,796,5
6,230,1
12,615,4
8,69,2
6,202,4
16,849,4
7,184,3
15,506,3
1,174,2
6,618,2
2,698,3
15,983,1
6,448,1
14,470,1
1,408,1
13,87,2
6,839,1
10,124,1
1,842,5
11,996,5
6,866,4
3,956,3
15,843,1
6,443,5
16,34,1
2,806,2
4,46,1
9,600,1
10,400,4
10,507,5
13,595,4
7,824,4
6,557,4
3,366,4
10,191,2
10,678,4
5,296,4
14,233,5
16,378,1
8,405,5
14,334,4
16,366,3
11,814,2
9,633,4
1,718,5
1,532,1
7,1,4
13,333,3
2,138,4
7,486,3
16,921,2
2,873,4
13,588,3
9,261,1
6,124,1
1,767,2
13,536,3
10,113,5
11,211,3
10,372,2
10,688,3
14,211,2
9,994,3
15,374,5
5,260,2
1,799,5
14,216,3
5,5,2
2,442,3
16,763,4
4,633,2
8,409,4
8,302,1
12,428,1
13,411,4
1,909,3
5,321,2
14,808,3
6,101,3
16,250,1
14,534,5
8,263,3
3,695,1
4,268,3
6,434,2
15,702,2
12,718,2
13,627,4
4,340,5
9,467,4
7,988,5
3,498,1
4,493,4
15,227,2
2,759,1
9,800,2
5,726,2
3,567,2
8,127,4
16,958,1
2,881,3
13,935,2
1,420,2
3,603,3
2,509,1
5,840,5
4,567,4
12,10,4
12,23,1
3,65,5
13,801,4
2,768,4
10,470,1
1,231,3
12,562,2
4,298,5
11,718,3
11,186,1
1,987,1
16,859,5
10,856,2
1,106,2
10,25,2
11,805,1
9,575,1
14,429,3
13,771,3
13,838,3
8,213,5
5,230,4
3,957,2
13,323,2
12,235,2
7,189,5
8,68,3
12,304,4
12,494,5
10,583,2
4,9,2
4,145,1
3,892,1
14,89,4
2,832,1
8,656,3
11,661,2
6,783,4
4,789,3
13,256,5
7,598,2
13,543,4
2,297,3
7,144,2
10,540,1
3,486,2
12,130,1
11,138,5
4,63,5
16,895,5
5,397,4
9,7,3
1,723,1
5,826,5
10,651,4
13,758,4
9,548,4
1,494,1
1,327,5
6,673,4
12,215,5
6,828,1
4,381,2
4,541,2
8,755,1
11,215,5
4,983,2
1,598,4
1,231,1
3,881,2
16,637,2
12,176,3
6,623,3
8,955,3
4,818,1
6,99,5
9,731,4
3,676,5
14,257,5
6,610,2
5,491,5
1,470,1
4,925,2
1,757,2
11,392,4
13,399,2
2,882,5
6,574,1
14,483,2
4,626,1
6,328,5
9,9,3
13,100,3
12,241,5
16,480,3
1,33,3
9,66,5
3,875,5
15,1,3
14,349,3
15,598,4
14,282,2
12,686,2
1,471,1
13,456,2
9,751,1
8,970,2
4,594,3
7,202,1
10,941,5
8,367,1
15,235,4
4,892,2
16,375,1
5,523,5
15,472,5
8,475,1
15,320,1
12,306,3
9,203,3
7,919,5
3,401,4
13,808,4
10,312,4
8,370,1
16,809,5
6,623,3
12,961,2
4,938,2
14,909,1
9,282,2
14,808,4
16,456,3
9,837,5
6,952,2
3,222,5
9,536,4
10,576,5
2,564,3
15,25,4
1,143,5
7,150,1
4,7,3
10,894,1
4,232,3
3,445,3
2,959,1
8,971,3
8,625,3
12,89,1
14,537,4
12,384,2
4,375,2
4,804,5
14,334,2
12,759,2
8,812,2
15,474,1
15,741,3
9,101,3
5,281,2
2,606,3
7,817,3
1,200,5
1,241,5
7,154,5
1,985,2
5,695,5
3,712,3
3,28,3
8,167,5
12,955,3
3,956,5
13,198,5
4,137,2
16,195,5
8,923,1
16,128,3
7,936,4
2,935,3
11,131,3
13,600,4
12,477,5
14,911,5
14,97,1
13,780,2
2,963,5
14,539,2
11,331,1
16,76,1
4,282,5
6,362,4
5,519,1
16,862,1
13,916,3
12,361,5
11,188,2
10,962,4
11,601,1
4,311,3
2,603,5
8,972,5
4,852,2
6,769,4
9,718,1
16,992,5
14,301,5
2,830,5
8,307,5
9,227,1
12,405,1
10,510,3
15,344,2
6,476,3
4,1,2
15,761,2
7,287,1
12,258,2
6,457,1
8,750,4
3,602,1
7,229,3
4,729,1
2,495,4
1,703,5
5,972,3
2,798,3
3,150,3
8,839,1
6,985,2
8,777,5
6,107,1
10,411,4
5,69,4
6,274,2
3,499,4
5,88,3
14,678,2
15,765,1
2,411,5
1,698,5
9,187,4
10,52,2
13,548,1
14,529,1
9,173,2
3,340,4
7,546,2
4,740,3
13,854,5
12,205,1
2,172,3
10,492,2
14,847,2
11,747,3
11,363,1
7,548,2
5,777,2
6,469,1
6,55,3
3,307,5
11,4,3
5,469,1
14,212,2
3,377,4
8,961,4
7,301,1
16,66,3
14,977,2
1,334,1
12,479,5
16,417,5
7,902,5
3,867,2
7,578,5
16,826,3
15,933,2
4,14,1
11,760,1
5,148,2
14,227,4
6,460,1
9,533,2
10,928,1
13,284,5
7,695,4
15,494,2
11,597,4
1,858,4
6,845,2
2,760,2
12,569,3
10,951,4
1,492,3
1,15,2
1,801,3
1,745,1
15,509,4
3,796,4
5,377,4
12,891,1
6,677,5
8,305,1
4,150,2
6,353,3
6,542,1
2,285,3
13,474,2
1,500,5
8,408,2
16,572,2
4,565,5
4,659,3
12,395,3
2,128,2
16,510,3
16,644,3
1,939,3
8,839,2
4,481,3
15,810,5
6,918,2
16,235,5
14,233,5
16,963,2
15,748,4
10,523,4
14,307,5
11,957,4
10,243,4
8,495,4
9,150,2
8,573,1
10,962,5
15,983,3
5,42,1
11,330,4
14,429,5
16,639,5
13,99,4
14,288,5
14,119,5
12,628,2
16,107,2
5,475,1
5,17,1
1,171,1
12,185,5
10,859,2
7,127,4
10,706,1
10,422,2
3,142,2
4,271,1
3,42,5
7,658,2
14,409,5
14,707,2
5,456,5
7,94,5
10,751,1
8,185,3
10,107,1
3,293,5
13,725,1
1,571,3
9,726,4
16,145,2
5,765,1
8,432,3
2,159,2
13,777,1
14,148,2
8,783,4
15,10,4
1,473,4
13,443,1
9,863,3
10,248,1
16,235,1
9,821,4
1,16,5
1,11,3
11,132,2
7,903,2
11,33,2
10,163,3
4,734,4
15,78,2
4,679,2
12,38,2
12,638,3
7,112,3
6,81,2
1,282,4
14,691,1
11,706,3
1,564,4
16,219,2
10,676,3
16,307,3
15,798,2
13,913,1
12,155,4
5,85,5
13,155,4
11,960,5
9,406,5
16,67,1
5,844,4
2,664,3
6,645,2
8,176,3
9,462,5
7,153,1
16,585,4
3,762,4
5,489,3
16,344,2
11,552,4
13,158,5
13,355,1
6,989,5
2,894,1
13,101,4
16,19,3
5,226,1
7,225,2
1,89,4
14,518,4
15,10,4
9,508,4
4,775,2
12,978,5
8,776,1
7,988,5
14,556,1
11,752,2
14,686,3
11,747,1
7,369,3
6,238,3
1,986,5
11,297,4
9,198,2
5,61,2
12,671,1
13,306,3
15,851,2
13,304,2
5,420,1
15,835,3
6,929,1
16,658,5
13,964,2
7,606,3
8,599,2
11,352,2
13,67,1
14,131,3
2,433,2
6,64,5
3,157,5
12,156,2
6,541,2
2,332,3
8,312,3
13,752,2
6,800,2
8,641,4
9,106,1
9,198,5
7,590,2
14,750,3
12,802,4
13,39,4
3,546,2
7,453,5
10,809,5
2,47,2
2,902,3
6,654,1
12,171,5
13,633,1
11,398,4
11,369,2
10,577,1
7,580,5
13,430,1
9,842,5
14,929,1
10,688,1
3,341,5
9,287,4
13,50,5
16,549,1
5,648,5
8,303,1
3,154,4
16,797,3
16,453,1
3,383,5
6,62,3
9,286,5
9,823,3
11,649,3
4,346,2
8,525,1
4,279,3
14,41,3
12,265,1
13,510,3
11,663,5
11,824,2
9,513,2
12,847,4
5,604,4
8,282,4
13,548,1
15,23,4
16,967,5
6,968,5
15,96,1
6,438,2
14,614,3
7,632,2
14,40,4
10,497,1
9,225,1
16,198,2
6,417,4
3,561,5
8,206,4
14,959,2
2,253,2
14,12,3
11,483,2
4,904,2
14,561,5
3,233,5
8,126,5
10,858,2
7,52,3
12,619,4
4,328,1
9,837,1
5,741,1
10,483,3
12,776,3
9,783,1
7,867,2
9,134,5
16,734,5
3,128,3
6,379,3
2,370,2
6,84,5
7,658,2
9,776,5
1,86,2
7,959,3
4,219,4
12,978,1
10,975,2
6,244,4
16,259,5
1,629,3
13,594,5
6,251,1
1,375,1
15,651,3
7,578,1
8,404,4
2,49,4
10,815,3
4,814,1
2,776,3
2,511,2
2,905,3
4,610,3
8,874,2
12,929,5
14,812,3
12,135,1
11,720,3
5,600,2
5,740,4
5,542,2
15,673,4
2,128,5
13,927,2
13,124,4
13,508,3
12,847,2
16,742,1
15,185,4
16,368,2
7,110,3
15,320,5
10,727,4
6,561,4
1,527,1
16,423,2
7,977,5
9,364,4
8,619,3
8,325,3
10,408,5
13,270,2
10,424,5
7,74,1
4,335,4
6,574,1
3,759,1
11,12,5
1,759,4
10,393,2
13,991,2
1,564,1
4,600,5
12,131,2
14,849,4
16,364,4
1,454,2
4,795,1
11,374,4
14,654,3
14,646,5
13,121,4
5,994,5
14,991,3
8,377,4
5,159,5
8,483,2
4,212,5
3,677,2
7,425,2
9,186,3
4,509,2
2,166,5
16,622,1
13,473,3
1,623,3
12,39,3
16,966,4
9,54,3
12,573,3
14,271,5
12,25,3
10,659,5
7,356,1
4,278,2
2,469,5
7,12,1
6,773,5
15,135,4
6,347,3
2,247,5
11,675,1
15,601,2
6,938,4
12,974,5
15,921,1
10,609,1
8,813,4
16,673,5
5,275,3
14,634,1
12,3,1
10,93,2
1,435,3
4,881,5
7,56,3
15,758,2
11,716,5
10,694,5
12,240,1
2,324,4
3,951,5
2,972,4
3,705,1
5,549,1
5,690,3
4,401,5
13,370,2
4,792,4
6,924,2
13,259,3
16,812,3
2,173,2
11,938,3
9,795,2
16,344,4
12,149,4
16,57,3
6,659,2
1,911,3
8,333,5
1,21,3
11,111,3
1,539,4
11,744,4
15,396,1
8,493,1
8,114,2
4,701,3
15,265,4
3,917,4
7,12,1
6,658,1
4,766,1
5,33,5
11,151,2
5,38,5
7,733,4
1,307,2
14,812,1
5,489,5
15,889,3
2,388,1
3,773,3
6,935,3
9,188,2
10,400,1
4,647,5
10,806,3
13,218,3
12,722,5
12,835,2
12,817,4
7,5,2
14,701,4
16,510,4
2,598,2
5,62,1
13,50,3
6,251,5
6,672,1
2,880,4
8,509,5
3,390,5
9,729,4
15,833,3
13,911,4
8,934,3
3,295,3
5,377,3
1,16,4
11,439,3
12,154,3
3,316,5
9,755,3
15,844,5
16,756,3
10,689,3
16,821,3
3,310,4
2,991,4
7,315,1
8,610,1
1,816,2
15,627,2
14,410,4
16,572,4
11,137,5
7,552,4
12,245,5
10,252,4
9,839,3
4,818,1
4,681,4
8,429,3
6,119,1
10,20,5
12,68,4
13,989,5
5,233,1
2,334,5
4,576,4
13,880,2
2,490,2
9,523,3
14,799,5
11,189,1
2,54,5
7,259,1
9,646,4
14,205,5
9,335,3
1,640,4
13,455,2
7,76,3
8,284,3
10,524,4
7,84,2
8,227,5
13,274,5
7,941,1
12,291,1
10,37,4
9,307,4
13,878,4
12,62,5
12,751,1
13,353,3
10,274,2
7,585,3
14,671,5
3,586,5
16,764,2
16,253,3
5,773,5
11,531,5
3,693,1
5,229,3
10,418,1
8,650,4
4,916,1
12,370,2
10,151,4
7,788,3
12,346,2
1,732,5
14,19,4
15,822,3
14,930,1
15,451,3
11,840,3
5,757,3
11,161,2
10,619,4
5,701,2
1,35,2
16,263,2
2,797,3
8,410,4
6,673,1
16,577,4
14,101,1
13,97,1
1,14,2
11,468,1
6,801,1
8,519,3
3,928,1
13,743,4
13,957,5
8,342,5
3,904,1
2,444,1
14,255,5
15,13,1
15,569,5
15,177,2
8,765,2
1,460,4
3,628,1
1,611,2
5,754,4
15,977,1
8,997,4
10,848,5
5,635,4
12,43,2
3,704,1
9,891,3
12,325,4
15,528,4
8,681,4
11,107,5
12,705,5
14,547,3
13,558,3
4,478,4
15,389,3
7,990,2
9,44,1
5,308,4
3,469,3
16,105,4
8,163,4
1,346,1
12,405,5
9,619,2
7,558,1
4,947,4
6,22,1
5,77,1
6,874,1
8,952,2
16,722,1
12,773,2
12,413,3
3,738,2
12,439,3
11,312,4
16,228,4
4,957,1
8,414,5
4,888,4
7,247,3
16,957,5
12,904,1
7,935,5
1,432,2
1,748,3
5,243,4
13,832,1
1,829,4
3,112,5
7,347,2
2,9,1
9,104,1
5,249,2
3,947,1
9,770,2
13,180,2
15,587,5
16,258,1
12,839,2
4,978,2
5,632,2
16,975,4
1,880,3
16,300,5
11,939,1
13,106,2
8,355,5
5,260,2
6,97,1
12,648,1
15,746,2
10,744,5
14,608,2
10,516,4
14,803,3
1,169,1
2,611,1
2,295,5
1,388,3
12,472,2
15,96,1
9,22,4
9,55,2
15,431,3
11,115,1
16,600,3
4,151,5
3,915,1
4,522,1
12,629,1
14,656,3
8,578,3
2,378,4
5,163,5
1,566,4
10,655,2
10,223,5
8,859,1
15,440,2
13,413,4
4,789,2
2,368,3
5,54,3
12,648,2
5,229,3
12,438,2
4,481,1
3,59,5
1,718,3
16,205,5
16,215,2
10,509,5
1,477,1
15,19,3
16,731,2
5,858,1
4,572,5
14,922,2
2,893,4
11,600,5
10,225,1
2,238,2
14,107,3
8,602,5
12,81,4
4,748,1
7,438,5
16,481,5
4,688,2
12,96,2
15,829,3
15,293,2
10,336,5
7,126,3
2,334,4
1,227,3
11,117,5
16,472,5
8,368,3
8,8,4
8,283,5
16,799,3
9,593,4
8,687,1
6,768,4
6,888,1
10,450,5
6,77,1
11,476,4
5,145,1
14,290,2
16,221,5
1,446,3
4,710,1
10,644,5
15,849,2
4,648,4
4,555,1
2,603,3
7,259,2
5,839,5
16,26,4
13,606,5
13,529,4
8,104,2
2,740,3
7,34,2
14,234,4
7,61,2
9,521,5
16,797,1
3,596,2
3,242,4
8,117,1
7,127,3
7,106,1
2,540,4
14,819,4
11,954,4
11,70,1
1,294,3
15,418,4
8,227,2
1,57,3
4,791,5
7,223,3
3,22,5
4,742,1
15,446,2
9,953,1
3,119,3
12,568,3
13,154,2
4,890,1
11,88,1
11,124,4
13,251,3
14,842,2
3,719,2
14,660,4
15,88,3
14,134,5
12,982,4
2,489,3
16,923,3
13,818,4
4,680,3
6,130,3
5,770,5
5,291,1
6,619,2
1,389,5
15,847,5
16,583,2
13,546,2
7,804,5
6,688,2
15,757,5
1,420,1
1,558,1
8,623,5
10,71,3
11,659,5
10,359,4
9,426,3
13,305,3
6,667,5
3,480,3
15,829,2
16,990,2
12,794,4
13,118,4
4,364,4
13,523,4
1,846,4
16,879,4
15,820,4
2,906,2
14,436,5
1,735,4
7,850,1
13,264,2
16,355,5
7,598,1
15,368,3
3,333,5
16,859,2
1,819,2
5,917,2
5,839,1
12,895,5
7,188,1
13,926,2
4,574,5
9,11,3
9,693,4
1,325,2
6,789,4
15,873,5
3,896,5
13,651,5
12,26,1
12,62,2
2,818,1
13,287,2
16,263,2
9,1000,2
10,419,1
15,702,5
6,272,3
4,361,3
3,854,5
10,463,5
3,231,2
5,497,2
9,673,4
6,950,5
1,735,3
10,950,1
13,969,1
10,466,1
12,450,1
7,917,2
3,168,2
14,225,5
2,331,4
5,716,5
11,152,2
7,524,4
4,907,5
16,382,5
7,130,4
2,281,5
14,341,4
1,813,1
10,169,1
3,335,2
9,527,4
7,844,3
5,370,1
9,103,2
13,52,2
16,242,1
5,391,2
7,799,2
3,591,5
6,855,3
3,389,4
13,892,3
16,538,4
2,171,2
9,592,1
7,587,2
14,85,5
13,426,5
14,304,4
1,402,1
2,355,1
9,121,2
9,366,5
3,998,4
3,579,5
8,800,4
11,404,4
1,17,3
6,571,5
13,570,5
12,433,3
3,241,2
1,517,2
8,453,5
4,145,4
6,124,1
3,875,3
6,906,1
3,208,5
16,29,2
9,723,4
3,412,5
2,61,3
4,126,5
8,901,5
13,615,4
12,857,5
10,101,5
7,132,3
12,493,5
1,95,1
1,343,5
2,527,4
16,222,2
1,747,2
3,666,3
15,501,1
15,494,5
3,870,2
3,246,1
5,359,5
5,659,3
10,723,1
6,148,4
1,186,1
5,857,1
3,844,5
12,325,3
14,455,5
11,508,1
10,778,3
16,174,5
10,820,1
12,356,1
14,705,4
13,847,5
5,175,3
2,651,5
2,986,5
13,127,3
9,509,5
7,522,5
5,924,4
2,676,2
10,880,4
7,895,1
12,879,3
13,474,5
15,206,2
13,724,1
3,250,3
4,21,3
16,588,5
11,772,4
12,639,1
16,706,1
12,809,1
14,310,4
13,111,2
9,613,2
4,877,3
7,395,4
8,169,4
13,547,5
1,182,5
1,390,2
11,782,3
16,819,1
8,398,4
16,898,1
11,719,2
1,225,3
2,493,3
16,110,3
5,255,1
11,117,5
3,845,2
11,42,3
12,919,5
3,181,2
9,165,2
16,347,3
13,639,4
2,371,5
1,915,5
14,61,1
4,344,4
2,919,2
11,694,3
6,900,5
16,13,5
1,450,5
13,582,2
13,871,2
2,297,5
5,165,5
8,759,5
15,220,3
15,417,1
12,629,1
7,466,3
15,897,5
5,808,3
10,974,1
11,358,3
10,89,5
10,564,5
1,805,3
3,948,3
15,350,3
1,95,4
5,747,3
13,787,1
13,403,4
1,773,1
7,628,1
1,728,4
15,553,2
2,304,3
6,54,4
8,486,5
4,665,4
16,952,2
5,65,3
14,478,4
9,37,1
8,999,4
12,325,4
7,842,2
16,834,1
16,791,2
13,494,4
13,387,1
2,759,2
4,335,4
7,360,3
2,838,2
11,842,5
2,734,2
13,666,5
5,500,5
11,17,2
5,589,2
11,163,1
8,235,3
6,852,4
2,149,1
2,10,3
3,343,5
4,595,3
6,909,4
15,594,2
2,143,5
11,375,2
11,46,2
1,528,1
11,863,3
12,244,1
11,841,5
5,468,2
14,753,1
9,87,2
10,880,4
12,764,2
16,92,4
7,833,1
16,898,4
10,117,2
7,634,1
11,355,5
12,215,1
1,799,4
1,649,2
13,626,4
9,880,2
2,479,4
3,693,2
15,22,5
1,185,3
13,433,4
10,113,2
2,537,2
5,876,5
9,947,5
3,405,5
6,15,1
3,707,5
9,925,1
2,759,1
15,981,4
7,331,4
5,262,5
5,913,5
6,451,2
8,75,2
10,444,1
7,647,1
4,113,1
11,841,3
6,155,2
11,379,1
8,805,2
7,96,2
7,661,4
11,156,4
16,803,5
9,383,1
7,84,4
1,490,1
14,559,5
3,983,4
6,449,4
12,244,5
3,960,2
7,775,1
6,982,5
6,566,2
14,142,4
13,261,3
11,520,5
9,249,3
3,22,4
1,829,1
10,35,2
15,743,2
9,644,3
9,670,1
1,141,4
6,354,4
11,564,5
7,446,3
1,558,3
6,950,1
6,811,4
4,312,2
7,407,5
13,38,4
3,154,3
1,761,4
14,362,5
3,783,5
5,692,3
1,616,3
12,923,3
7,234,1
4,244,4
8,974,4
2,431,4
9,370,3
2,148,2
14,373,1
16,720,2
16,11,2
14,356,2
16,9,5
15,797,2
4,702,1
11,7,4
5,397,5
16,157,5
7,723,4
9,189,2
8,373,4
3,582,2
11,159,3
10,413,3
16,660,4
2,692,2
14,812,5
6,879,5
8,223,4
13,993,3
9,31,3
1,726,4
4,10,4
5,960,5
9,231,2
7,621,2
15,370,3
8,831,5
13,138,5
6,257,1
14,200,1
9,438,2
9,418,2
8,752,3
16,980,1
1,408,4
11,886,3
14,238,1
1,374,1
12,568,4
1,931,1
3,281,3
16,249,2
8,962,3
13,173,3
7,250,2
14,668,1
15,16,1
15,956,1
8,103,5
6,139,3
1,636,2
16,437,1
15,410,3
10,638,2
7,824,3
2,961,3
2,629,5
4,432,5
5,918,2
9,32,1
12,766,3
1,803,3
12,835,3
10,903,3
11,947,5
8,250,5
1,189,3
9,87,2
16,511,2
15,782,5
14,726,5
1,694,3
9,877,2
16,957,1
3,785,2
5,480,4
10,333,5
1,719,4
16,263,3
16,532,2
1,976,3
6,687,4
15,966,4
12,668,1
6,706,1
12,400,5
7,593,3
1,585,1
3,678,3
11,776,2
12,879,1
1,710,4
7,277,2
1,664,1
10,866,5
7,108,5
6,932,1
10,125,1
16,491,1
16,829,4
4,387,3
15,412,2
10,71,5
2,986,4
16,338,1
6,128,5
12,414,5
12,793,5
3,24,5
14,831,1
1,255,4
1,335,5
4,884,2
6,963,3
6,306,5
3,434,3
16,799,3
11,374,4
3,379,4
12,808,5
14,482,5
14,774,3
11,667,3
11,579,1
6,326,3
9,435,4
13,289,4
7,248,1
15,66,2
16,54,4
16,274,1
6,799,2
1,228,4
15,18,4
6,557,4
8,102,5
7,914,1
14,836,2
8,220,1
9,911,2
2,757,2
13,766,1
5,582,1
1,412,1
16,959,3
1,728,3
6,89,1
9,707,3
16,336,4
7,504,4
12,972,2
4,325,4
9,831,4
10,194,2
16,80,3
12,604,4
1,754,2
16,925,5
8,203,4
5,316,1
13,772,4
9,249,3
3,367,4
3,481,1
4,273,2
12,243,2
7,427,3
8,608,1
8,80,4
6,609,1
6,843,5
2,614,4
1,205,1
12,306,2
8,579,4
14,123,5
3,496,5
8,554,5
8,145,5
6,479,2
8,698,2
1,811,4
2,961,2
7,154,3
6,400,1
15,771,2
2,737,2
13,409,2
15,423,5
6,156,2
14,235,5
2,792,1
6,994,5
10,448,5
3,261,2
9,685,1
4,125,1
6,402,5
4,749,4
10,584,1
3,888,4
10,963,4
8,735,3
16,692,1
15,225,3
7,227,2
1,123,2
8,29,5
5,211,5
15,962,1
7,544,3
7,462,4
11,10,1
9,320,3
2,40,1
9,297,4
15,960,1
6,896,2
13,227,5
7,45,3
16,180,4
5,1,4
9,36,3
1,793,2
15,526,4
15,226,1
1,666,5
7,249,5
12,791,5
1,456,5
12,235,4
9,609,2
9,633,3
5,197,1
7,990,4
9,111,5
14,406,2
13,283,5
14,494,4
6,636,5
3,517,4
7,256,1
9,809,1
9,242,3
8,341,4
11,88,1
6,882,4
1,198,3
6,25,3
3,509,5
12,199,3
1,55,3
6,373,2
9,278,5
15,423,5
2,491,5
4,695,3
4,471,5
3,217,3
8,351,3
6,787,2
2,193,1
3,468,1
6,57,3
5,170,1
13,622,3
9,387,5
11,509,1
15,438,5
1,637,4
12,394,2
16,595,3
13,184,4
13,230,4
8,139,3
16,591,3
11,829,1
6,880,2
15,911,1
6,10,5
6,319,1
13,501,3
15,354,4
1,327,1
7,147,4
14,229,2
3,65,2
9,195,2
8,429,1
4,905,1
15,296,3
3,502,1
14,640,5
16,892,2
4,631,3
5,949,1
12,870,5
9,996,2
8,824,2
5,116,1
5,196,4
14,420,5
14,46,4
9,303,4
14,709,2
9,689,3
15,653,5
16,28,3
1,343,3
1,915,3
4,719,5
9,183,5
4,660,3
10,270,3
5,638,4
9,330,4
1,678,3
3,656,5
15,486,4
3,974,4
8,600,3
15,148,3
6,167,2
16,765,2
15,297,3
3,237,4
5,528,5
8,246,4
9,855,3
5,112,1
16,506,4
14,118,2
10,963,5
5,658,5
5,685,2
2,374,4
2,397,3
8,403,4
15,617,2
16,134,4
4,358,3
16,726,4
7,293,4
2,918,5
13,519,5
6,480,1
5,364,1
11,435,3
5,29,5
5,792,3
5,733,3
9,400,1
3,462,5
5,373,3
3,668,5
9,667,5
5,174,4
15,68,4
13,387,2
6,657,3
5,419,3
6,661,4
4,406,5
4,413,2
12,521,4
9,789,1
1,441,4
2,668,1
8,942,2
14,361,1
3,793,4
16,980,4
3,89,3
2,809,5
14,695,3
16,173,1
2,916,5
13,642,1
1,445,1
16,864,5
10,77,5
16,222,5
3,927,5
2,967,1
15,355,2
3,613,5
8,143,5
8,601,1
3,756,1
10,660,1
5,967,1
9,594,4
6,565,1
2,708,1
8,499,4
7,435,3
13,656,2
12,453,4
11,619,4
11,188,3
14,359,2
12,663,5
8,715,2
2,448,1
6,611,1
8,104,2
9,174,5
8,213,2
8,767,2
5,497,4
2,402,1
13,85,1
10,75,4
11,820,5
5,455,4
2,882,1
5,369,1
7,735,2
10,731,1
14,494,1
2,631,4
5,229,3
6,770,1
10,683,1
13,790,4
9,728,2
13,356,4
1,34,3
11,219,3
7,280,5
9,541,5
15,59,3
7,583,4
7,206,2
3,985,1
12,596,2
10,741,3
6,44,5
2,377,2
13,534,4
15,55,2
3,293,2
4,951,4
2,453,3
5,393,4
11,208,1
3,86,3
1,313,5
2,814,3
11,959,4
8,538,5
16,807,2
7,150,1
7,437,1
15,48,1
9,926,4
2,573,4
9,106,3
11,747,5
5,234,1
13,268,5
9,173,2
16,727,1
8,852,1
4,740,2
1,269,3
11,295,1
9,57,1
4,85,5
12,72,3
1,846,4
6,314,2
2,591,4
1,784,5
6,425,3
11,239,2
15,439,3
11,231,4
4,339,4
7,708,2
10,111,1
7,653,1
9,787,5
10,365,4
11,204,3
9,842,3
7,622,5
12,855,1
4,196,2
8,581,2
3,961,3
12,190,4
11,692,5
1,125,5
8,953,4
5,123,4
3,859,4
8,293,3
3,222,4
16,717,1
9,927,4
16,100,5
15,756,3
13,149,4
7,105,1
7,754,4
8,561,1
3,745,3
1,287,3
4,976,2
9,799,3
1,943,2
15,863,4
2,599,2
7,846,1
5,792,3
2,110,4
8,165,2
2,12,4
10,464,3
11,958,1
7,838,2
4,18,5
9,369,5
11,272,3
15,519,3
4,718,3
15,838,1
3,310,1
11,438,3
16,445,4
14,207,4
1,616,3
1,662,5
14,254,5
11,102,4
4,287,1
3,723,2
8,791,3
3,878,3
8,583,5
13,163,2
15,139,5
4,590,3
1,302,1
16,655,2
5,777,2
7,515,2
13,227,5
9,936,2
11,121,3
1,578,2
15,683,2
8,895,3
11,399,4
7,837,1
4,313,5
7,6,2
9,589,3
16,463,3
15,916,5
14,376,5
8,492,2
16,994,5
9,319,5
1,815,2
16,788,5
16,545,4
11,770,5
2,922,5
1,38,3
12,646,2
4,256,3
2,640,4
12,117,5
15,579,2
10,994,2
3,546,4
3,422,5
15,661,3
11,203,5
4,543,5
5,164,1
12,88,2
4,719,5
7,338,4
10,190,1
7,309,3
15,139,3
8,219,2
5,530,3
4,954,3
8,332,1
7,225,1
10,983,4
1,988,4
4,429,4
9,880,1
10,235,4
9,263,5
16,958,4
2,14,4
12,163,1
7,719,1
2,633,2
14,23,3
16,137,2
9,437,4
5,97,4
12,672,2
6,181,5
3,396,3
7,272,2
6,424,1
10,178,3
8,137,2
12,146,4
1,786,1
7,282,1
9,366,5
14,638,1
9,26,2
8,99,4
4,124,1
11,27,2
10,799,2
4,37,1
3,972,5
5,801,1
2,609,3
8,520,2
4,391,5
8,555,5
3,704,3
12,696,4
7,870,3
14,380,2
12,249,4
13,797,5
8,524,3
14,5,2
2,8,3
2,81,1
8,94,1
11,760,2
1,464,4
11,627,2
5,255,1
1,428,4
8,299,1
3,140,3
7,171,5
10,120,3
5,936,1
15,267,3
5,667,4
12,615,1
5,411,4
7,715,1
6,874,2
6,513,4
1,214,4
4,658,2
8,506,3
7,728,5
1,53,1
16,285,4
2,668,5
5,945,5
12,370,1
14,944,2
8,564,3
12,880,2
7,308,2
14,158,1
15,225,1
15,378,5
7,287,3
6,548,5
11,215,3
14,467,5
15,140,5
8,237,2
16,513,2
6,308,5
12,145,5
